John,Smith,20,john.smith@example.com,Math
Mary,Johnson,19,mary.johnson@example.com,Physics
Alex,Brown,21,alex.brown@example.com,Chemistry
Sophia,Taylor,22,sophia.taylor@example.com,Biology
James,Anderson,23,james.anderson@example.com,History
Linda,Thomas,20,linda.thomas@example.com,English
David,Jackson,24,david.jackson@example.com,Computer Science
Emma,White,18,emma.white@example.com,Economics
Michael,Harris,21,michael.harris@example.com,Math
Olivia,Martin,19,olivia.martin@example.com,Physics
Daniel,Thompson,20,daniel.thompson@example.com,Chemistry
Isabella,Garcia,22,isabella.garcia@example.com,Biology
Ethan,Martinez,23,ethan.martinez@example.com,History
Mia,Robinson,18,mia.robinson@example.com,English
Matthew,Clark,25,matthew.clark@example.com,Computer Science
Charlotte,Rodriguez,20,charlotte.rodriguez@example.com,Economics
Joseph,Lewis,21,joseph.lewis@example.com,Math
Amelia,Lee,19,amelia.lee@example.com,Physics
William,Walker,22,william.walker@example.com,Chemistry
Emily,Hall,20,emily.hall@example.com,Biology
FirstName,LastName,Age,Email,Subject
John,Smith,20,john.smith@example.com,Math
Mary,Johnson,19,mary.johnson@example.com,Physics
Alex,Brown,21,alex.brown@example.com,Chemistry
Sophia,Taylor,22,sophia.taylor@example.com,Biology
James,Anderson,23,james.anderson@example.com,History
Linda,Thomas,20,linda.thomas@example.com,English
David,Jackson,24,david.jackson@example.com,Computer Science
Emma,White,18,emma.white@example.com,Economics
Michael,Harris,21,michael.harris@example.com,Math
Olivia,Martin,19,olivia.martin@example.com,Physics
Daniel,Thompson,20,daniel.thompson@example.com,Chemistry
Isabella,Garcia,22,isabella.garcia@example.com,Biology
Ethan,Martinez,23,ethan.martinez@example.com,History
Mia,Robinson,18,mia.robinson@example.com,English
Matthew,Clark,25,matthew.clark@example.com,Computer Science
Charlotte,Rodriguez,20,charlotte.rodriguez@example.com,Economics
Joseph,Lewis,21,joseph.lewis@example.com,Math
Amelia,Lee,19,amelia.lee@example.com,Physics
William,Walker,22,william.walker@example.com,Chemistry
Emily,Hall,20,emily.hall@example.com,Biology
